-- phpMyAdmin SQL Dump
-- version 5.1.1
-- https://www.phpmyadmin.net/
--
-- Host: 127.0.0.1
-- Waktu pembuatan: 20 Des 2021 pada 16.06
-- Versi server: 10.4.19-MariaDB
-- Versi PHP: 8.0.7

SET SQL_MODE = "NO_AUTO_VALUE_ON_ZERO";
START TRANSACTION;
SET time_zone = "+00:00";


/*!40101 SET @OLD_CHARACTER_SET_CLIENT=@@CHARACTER_SET_CLIENT */;
/*!40101 SET @OLD_CHARACTER_SET_RESULTS=@@CHARACTER_SET_RESULTS */;
/*!40101 SET @OLD_COLLATION_CONNECTION=@@COLLATION_CONNECTION */;
/*!40101 SET NAMES utf8mb4 */;

--
-- Database: `praktikum_presensi_penggajian`
--

-- --------------------------------------------------------

--
-- Struktur dari tabel `bagian`
--

CREATE TABLE `bagian` (
  `id` int(11) NOT NULL,
  `nama_bagian` varchar(255) NOT NULL,
  `karyawan_id` int(11) NOT NULL,
  `lokasi_id` int(11) NOT NULL
) ENGINE=InnoDB DEFAULT CHARSET=utf8mb4;

--
-- Dumping data untuk tabel `bagian`
--

INSERT INTO `bagian` (`id`, `nama_bagian`, `karyawan_id`, `lokasi_id`) VALUES
(1, 'Autentikasi', 5, 1),
(2, 'Data Science', 3, 1),
(3, 'Backend Developer', 6, 2);

-- --------------------------------------------------------

--
-- Struktur dari tabel `bagian_karyawan`
--

CREATE TABLE `bagian_karyawan` (
  `id` int(11) NOT NULL,
  `bagian_id` int(11) NOT NULL,
  `karyawan_id` int(11) NOT NULL,
  `tanggal_mulai` date NOT NULL
) ENGINE=InnoDB DEFAULT CHARSET=utf8mb4;

--
-- Dumping data untuk tabel `bagian_karyawan`
--

INSERT INTO `bagian_karyawan` (`id`, `bagian_id`, `karyawan_id`, `tanggal_mulai`) VALUES
(1, 1, 5, '2018-03-03'),
(2, 2, 3, '2018-04-01'),
(3, 3, 6, '2018-04-04'),
(4, 1, 4, '2018-03-03'),
(5, 2, 7, '2018-04-01'),
(6, 3, 8, '2018-04-04');

-- --------------------------------------------------------

--
-- Struktur dari tabel `gaji_karyawan`
--

CREATE TABLE `gaji_karyawan` (
  `id` int(10) NOT NULL,
  `karyawan_id` int(20) NOT NULL,
  `tahun` year(4) NOT NULL,
  `bulan` char(2) NOT NULL,
  `gapok` double NOT NULL,
  `tunjangan` double NOT NULL,
  `uang_makan` double NOT NULL
) ENGINE=InnoDB DEFAULT CHARSET=utf8mb4;

-- --------------------------------------------------------

--
-- Struktur dari tabel `jabatan`
--

CREATE TABLE `jabatan` (
  `id` int(11) NOT NULL,
  `nama_jabatan` varchar(255) NOT NULL,
  `gapok_jabatan` double NOT NULL,
  `tunjangan_jabatan` double NOT NULL,
  `uang_makan_perhari` double NOT NULL
) ENGINE=InnoDB DEFAULT CHARSET=utf8mb4;

--
-- Dumping data untuk tabel `jabatan`
--

INSERT INTO `jabatan` (`id`, `nama_jabatan`, `gapok_jabatan`, `tunjangan_jabatan`, `uang_makan_perhari`) VALUES
(1, 'System Analyst', 2400000, 500000, 40000),
(2, 'Project Manager', 2300000, 450000, 38000),
(3, 'Senior Programmer', 2200000, 400000, 36000),
(4, 'Junior Programmer', 2100000, 350000, 34000),
(5, 'Intern', 1000000, 100000, 20000),
(6, 'System Analyst', 2400000, 500000, 40000),
(7, 'Project Manager', 2300000, 450000, 38000),
(8, 'Senior Programmer', 2200000, 400000, 36000),
(9, 'Junior Programmer', 2100000, 350000, 34000),
(10, 'Intern', 1000000, 100000, 20000);

-- --------------------------------------------------------

--
-- Struktur dari tabel `jabatan_karyawan`
--

CREATE TABLE `jabatan_karyawan` (
  `id` int(10) NOT NULL,
  `karyawan_id` int(50) NOT NULL,
  `jabatan_id` int(20) NOT NULL,
  `tanggal_mulai` date NOT NULL
) ENGINE=InnoDB DEFAULT CHARSET=utf8mb4;

--
-- Dumping data untuk tabel `jabatan_karyawan`
--

INSERT INTO `jabatan_karyawan` (`id`, `karyawan_id`, `jabatan_id`, `tanggal_mulai`) VALUES
(1, 3, 5, '2013-03-03'),
(2, 3, 4, '2014-04-01'),
(3, 4, 5, '2014-04-04'),
(4, 3, 3, '2015-05-04'),
(5, 4, 4, '2015-05-05'),
(6, 5, 5, '2015-05-05'),
(7, 3, 2, '2015-06-01'),
(8, 4, 3, '2015-06-02'),
(9, 5, 4, '2015-06-03'),
(10, 6, 5, '2015-06-06'),
(11, 3, 1, '2017-07-01'),
(12, 4, 2, '2017-07-02'),
(13, 5, 3, '2017-07-02'),
(14, 6, 4, '2017-07-02'),
(15, 7, 5, '2017-07-07'),
(16, 7, 4, '2018-08-02'),
(17, 8, 5, '2018-08-08');

-- --------------------------------------------------------

--
-- Struktur dari tabel `karyawan`
--

CREATE TABLE `karyawan` (
  `id` int(11) NOT NULL,
  `nik` varchar(255) NOT NULL,
  `nama_lengkap` varchar(255) NOT NULL,
  `handphone` varchar(255) NOT NULL,
  `email` varchar(255) NOT NULL,
  `tanggal_masuk` date NOT NULL,
  `pengguna` int(11) NOT NULL
) ENGINE=InnoDB DEFAULT CHARSET=utf8mb4;

-- --------------------------------------------------------

--
-- Struktur dari tabel `lokasi`
--

CREATE TABLE `lokasi` (
  `id` int(11) NOT NULL,
  `nama_lokasi` varchar(255) NOT NULL
) ENGINE=InnoDB DEFAULT CHARSET=utf8mb4;

-- --------------------------------------------------------

--
-- Struktur dari tabel `pengguna`
--

CREATE TABLE `pengguna` (
  `id` int(10) NOT NULL,
  `username` varchar(25) NOT NULL,
  `password` varchar(255) NOT NULL,
  `peran` enum('ADMIN','USER') NOT NULL,
  `login_terakhir` timestamp(6) NOT NULL DEFAULT current_timestamp(6) ON UPDATE current_timestamp(6)
) ENGINE=InnoDB DEFAULT CHARSET=utf8mb4;

--
-- Dumping data untuk tabel `pengguna`
--

INSERT INTO `pengguna` (`id`, `username`, `password`, `peran`, `login_terakhir`) VALUES
(1, 'admin', '21232f297a57a5a743894a0e4a801fc3', 'ADMIN', '2021-12-20 12:23:12.933628'),
(2, 'user', 'ee11cbb19052e40b07aac0ca060c23ee', 'USER', '2021-12-20 12:23:12.933628'),
(3, 'johndoe', '6579e96f76baa00787a28653876c6127', 'USER', '2021-12-20 12:23:12.933628'),
(4, 'fulanbinfulan', '7c232f58f03f6d00c8d28166fbff7a8b', 'USER', '2021-12-20 12:23:12.933628'),
(5, 'mawar', 'bd117502364227fd8c09098d31e11313', 'USER', '2021-12-20 12:23:12.933628'),
(6, 'melati', '27e80ebc907bd57004986be9e6f2dd83', 'USER', '2021-12-20 12:23:12.933628'),
(7, 'dahlia', 'ee11cbb19052e40b07aac0ca060c23ee', 'USER', '2021-12-20 12:23:12.933628'),
(8, 'lily', '89f288757f4d0693c99b007855fc075e', 'USER', '2021-12-20 12:23:12.933628');

-- --------------------------------------------------------

--
-- Struktur dari tabel `presensi`
--

CREATE TABLE `presensi` (
  `id` int(20) NOT NULL,
  `karyawan_id` int(20) NOT NULL,
  `tanggal` date NOT NULL,
  `jam_masuk` time(6) NOT NULL,
  `jam_keluar` time(6) NOT NULL,
  `keterangan` enum('HADIR','SAKIT','IZIN','CUTI','LIBUR','TIDAK HADIR') NOT NULL
) ENGINE=InnoDB DEFAULT CHARSET=utf8mb4;

--
-- Dumping data untuk tabel `presensi`
--

INSERT INTO `presensi` (`id`, `karyawan_id`, `tanggal`, `jam_masuk`, `jam_keluar`, `keterangan`) VALUES
(1, 3, '2020-11-01', '00:00:00.000000', '00:00:00.000000', ''),
(2, 3, '2020-11-02', '08:00:00.000000', '16:00:00.000000', 'HADIR'),
(3, 3, '2020-11-03', '08:00:00.000000', '16:00:00.000000', 'HADIR'),
(4, 3, '2020-11-04', '08:00:00.000000', '16:00:00.000000', 'HADIR'),
(5, 3, '2020-11-05', '08:00:00.000000', '16:00:00.000000', 'HADIR'),
(6, 3, '2020-11-06', '08:00:00.000000', '16:00:00.000000', 'HADIR'),
(7, 3, '2020-11-07', '00:00:00.000000', '00:00:00.000000', ''),
(8, 3, '2020-11-08', '00:00:00.000000', '00:00:00.000000', ''),
(9, 3, '2020-11-09', '08:00:00.000000', '16:00:00.000000', 'HADIR'),
(10, 3, '2020-11-10', '00:00:00.000000', '00:00:00.000000', ''),
(11, 3, '2020-11-11', '08:00:00.000000', '16:00:00.000000', 'HADIR'),
(12, 3, '2020-11-12', '08:00:00.000000', '16:00:00.000000', 'HADIR'),
(13, 3, '2020-11-13', '08:00:00.000000', '16:00:00.000000', 'HADIR'),
(14, 3, '2020-11-14', '00:00:00.000000', '00:00:00.000000', ''),
(15, 3, '2020-11-15', '00:00:00.000000', '00:00:00.000000', ''),
(16, 3, '2020-11-16', '08:00:00.000000', '16:00:00.000000', 'HADIR'),
(17, 3, '2020-11-17', '08:00:00.000000', '16:00:00.000000', 'HADIR'),
(18, 3, '2020-11-18', '08:00:00.000000', '16:00:00.000000', 'HADIR'),
(19, 3, '2020-11-19', '08:00:00.000000', '16:00:00.000000', 'HADIR'),
(20, 3, '2020-11-20', '08:00:00.000000', '16:00:00.000000', 'HADIR'),
(21, 3, '2020-11-21', '00:00:00.000000', '00:00:00.000000', ''),
(22, 3, '2020-11-22', '00:00:00.000000', '00:00:00.000000', ''),
(23, 3, '2020-11-23', '08:00:00.000000', '16:00:00.000000', 'HADIR'),
(24, 3, '2020-11-24', '08:00:00.000000', '16:00:00.000000', 'HADIR'),
(25, 3, '2020-11-25', '08:00:00.000000', '16:00:00.000000', 'HADIR'),
(26, 3, '2020-11-26', '08:00:00.000000', '16:00:00.000000', 'HADIR'),
(27, 3, '2020-11-27', '08:00:00.000000', '16:00:00.000000', 'HADIR'),
(28, 3, '2020-11-28', '00:00:00.000000', '00:00:00.000000', ''),
(29, 3, '2020-11-29', '00:00:00.000000', '00:00:00.000000', ''),
(30, 3, '2020-11-30', '08:00:00.000000', '16:00:00.000000', 'HADIR'),
(31, 3, '2020-12-01', '08:00:00.000000', '16:00:00.000000', 'HADIR'),
(32, 3, '2020-12-02', '08:00:00.000000', '16:00:00.000000', 'HADIR'),
(33, 3, '2020-12-03', '08:00:00.000000', '16:00:00.000000', 'HADIR'),
(34, 3, '2020-12-04', '08:00:00.000000', '16:00:00.000000', 'HADIR'),
(35, 3, '2020-12-05', '00:00:00.000000', '00:00:00.000000', ''),
(36, 3, '2020-12-06', '00:00:00.000000', '00:00:00.000000', ''),
(37, 3, '2020-12-07', '08:00:00.000000', '16:00:00.000000', 'HADIR'),
(38, 3, '2020-12-08', '08:00:00.000000', '16:00:00.000000', 'HADIR'),
(39, 3, '2020-12-09', '00:00:00.000000', '00:00:00.000000', ''),
(40, 3, '2020-12-10', '08:00:00.000000', '16:00:00.000000', 'HADIR'),
(41, 3, '2020-12-11', '08:00:00.000000', '16:00:00.000000', 'HADIR'),
(42, 3, '2020-12-12', '00:00:00.000000', '00:00:00.000000', ''),
(43, 3, '2020-12-13', '00:00:00.000000', '00:00:00.000000', ''),
(44, 3, '2020-12-14', '08:00:00.000000', '16:00:00.000000', 'HADIR'),
(45, 3, '2020-12-15', '08:00:00.000000', '16:00:00.000000', 'HADIR'),
(46, 3, '2020-12-16', '08:00:00.000000', '16:00:00.000000', 'HADIR'),
(47, 3, '2020-12-17', '08:00:00.000000', '16:00:00.000000', 'HADIR'),
(48, 3, '2020-12-18', '08:00:00.000000', '16:00:00.000000', 'HADIR'),
(49, 3, '2020-12-19', '00:00:00.000000', '00:00:00.000000', ''),
(50, 3, '2020-12-20', '00:00:00.000000', '00:00:00.000000', ''),
(51, 3, '2020-12-21', '08:00:00.000000', '16:00:00.000000', 'HADIR'),
(52, 3, '2020-12-22', '08:00:00.000000', '16:00:00.000000', 'HADIR'),
(53, 3, '2020-12-23', '08:00:00.000000', '16:00:00.000000', 'HADIR'),
(54, 3, '2020-12-24', '00:00:00.000000', '00:00:00.000000', ''),
(55, 3, '2020-12-25', '00:00:00.000000', '00:00:00.000000', ''),
(56, 3, '2020-12-26', '00:00:00.000000', '00:00:00.000000', ''),
(57, 3, '2020-12-27', '00:00:00.000000', '00:00:00.000000', ''),
(58, 3, '2020-12-28', '08:00:00.000000', '16:00:00.000000', 'HADIR'),
(59, 3, '2020-12-29', '08:00:00.000000', '16:00:00.000000', 'HADIR'),
(60, 3, '2020-12-30', '08:00:00.000000', '16:00:00.000000', 'HADIR'),
(61, 3, '2020-12-31', '08:00:00.000000', '16:00:00.000000', 'HADIR'),
(62, 3, '2021-01-01', '00:00:00.000000', '00:00:00.000000', ''),
(63, 3, '2021-01-02', '00:00:00.000000', '00:00:00.000000', ''),
(64, 3, '2021-01-03', '00:00:00.000000', '00:00:00.000000', ''),
(65, 3, '2021-01-04', '08:00:00.000000', '16:00:00.000000', 'HADIR'),
(66, 3, '2021-01-05', '08:00:00.000000', '16:00:00.000000', 'HADIR'),
(67, 3, '2021-01-06', '08:00:00.000000', '16:00:00.000000', 'HADIR'),
(68, 3, '2021-01-07', '08:00:00.000000', '16:00:00.000000', 'HADIR'),
(69, 3, '2021-01-08', '08:00:00.000000', '16:00:00.000000', 'HADIR'),
(70, 3, '2021-01-09', '00:00:00.000000', '00:00:00.000000', ''),
(71, 3, '2021-01-10', '00:00:00.000000', '00:00:00.000000', ''),
(72, 3, '2021-01-11', '08:00:00.000000', '16:00:00.000000', 'HADIR'),
(73, 3, '2021-01-12', '08:00:00.000000', '16:00:00.000000', 'HADIR'),
(74, 3, '2021-01-13', '08:00:00.000000', '16:00:00.000000', 'HADIR'),
(75, 3, '2021-01-14', '08:00:00.000000', '16:00:00.000000', 'HADIR'),
(76, 3, '2021-01-15', '08:00:00.000000', '16:00:00.000000', 'HADIR'),
(77, 3, '2021-01-16', '00:00:00.000000', '00:00:00.000000', ''),
(78, 3, '2021-01-17', '00:00:00.000000', '00:00:00.000000', ''),
(79, 3, '2021-01-18', '08:00:00.000000', '16:00:00.000000', 'HADIR'),
(80, 3, '2021-01-19', '08:00:00.000000', '16:00:00.000000', 'HADIR'),
(81, 3, '2021-01-20', '08:00:00.000000', '16:00:00.000000', 'HADIR'),
(82, 3, '2021-01-21', '08:00:00.000000', '16:00:00.000000', 'HADIR'),
(83, 3, '2021-01-22', '08:00:00.000000', '16:00:00.000000', 'HADIR'),
(84, 3, '2021-01-23', '00:00:00.000000', '00:00:00.000000', ''),
(85, 3, '2021-01-24', '00:00:00.000000', '00:00:00.000000', ''),
(86, 3, '2021-01-25', '08:00:00.000000', '16:00:00.000000', 'HADIR'),
(87, 3, '2021-01-26', '08:00:00.000000', '16:00:00.000000', 'HADIR'),
(88, 3, '2021-01-27', '08:00:00.000000', '16:00:00.000000', 'HADIR'),
(89, 3, '2021-01-28', '08:00:00.000000', '16:00:00.000000', 'HADIR'),
(90, 3, '2021-01-29', '08:00:00.000000', '16:00:00.000000', 'HADIR'),
(91, 3, '2021-01-30', '00:00:00.000000', '00:00:00.000000', ''),
(92, 3, '2021-01-31', '00:00:00.000000', '00:00:00.000000', ''),
(93, 4, '2020-11-01', '00:00:00.000000', '00:00:00.000000', ''),
(94, 4, '2020-11-02', '08:00:00.000000', '16:00:00.000000', 'HADIR'),
(95, 4, '2020-11-03', '08:35:00.000000', '16:00:00.000000', 'HADIR'),
(96, 4, '2020-11-04', '00:00:00.000000', '00:00:00.000000', 'SAKIT'),
(97, 4, '2020-11-05', '08:00:00.000000', '16:00:00.000000', 'HADIR'),
(98, 4, '2020-11-06', '08:00:00.000000', '16:00:00.000000', 'HADIR'),
(99, 4, '2020-11-07', '00:00:00.000000', '00:00:00.000000', ''),
(100, 4, '2020-11-08', '00:00:00.000000', '00:00:00.000000', ''),
(101, 4, '2020-11-09', '08:00:00.000000', '16:00:00.000000', 'HADIR'),
(102, 4, '2020-11-10', '00:00:00.000000', '00:00:00.000000', ''),
(103, 4, '2020-11-11', '08:00:00.000000', '16:00:00.000000', 'HADIR'),
(104, 4, '2020-11-12', '08:00:00.000000', '16:00:00.000000', 'HADIR'),
(105, 4, '2020-11-13', '08:00:00.000000', '16:00:00.000000', 'HADIR'),
(106, 4, '2020-11-14', '00:00:00.000000', '00:00:00.000000', ''),
(107, 4, '2020-11-15', '00:00:00.000000', '00:00:00.000000', ''),
(108, 4, '2020-11-16', '08:00:00.000000', '16:00:00.000000', 'HADIR'),
(109, 4, '2020-11-17', '08:00:00.000000', '16:00:00.000000', 'HADIR'),
(110, 4, '2020-11-18', '08:45:00.000000', '16:00:00.000000', 'HADIR'),
(111, 4, '2020-11-19', '00:00:00.000000', '00:00:00.000000', 'IZIN'),
(112, 4, '2020-11-20', '08:00:00.000000', '16:00:00.000000', 'HADIR'),
(113, 4, '2020-11-21', '00:00:00.000000', '00:00:00.000000', ''),
(114, 4, '2020-11-22', '00:00:00.000000', '00:00:00.000000', ''),
(115, 4, '2020-11-23', '08:00:00.000000', '16:00:00.000000', 'HADIR'),
(116, 4, '2020-11-24', '08:00:00.000000', '16:00:00.000000', 'HADIR'),
(117, 4, '2020-11-25', '08:00:00.000000', '16:00:00.000000', 'HADIR'),
(118, 4, '2020-11-26', '08:00:00.000000', '16:00:00.000000', 'HADIR'),
(119, 4, '2020-11-27', '08:00:00.000000', '16:00:00.000000', 'HADIR'),
(120, 4, '2020-11-28', '00:00:00.000000', '00:00:00.000000', ''),
(121, 4, '2020-11-29', '00:00:00.000000', '00:00:00.000000', ''),
(122, 4, '2020-11-30', '08:00:00.000000', '16:00:00.000000', 'HADIR'),
(123, 4, '2020-12-01', '08:00:00.000000', '16:00:00.000000', 'HADIR'),
(124, 4, '2020-12-02', '08:00:00.000000', '16:00:00.000000', 'HADIR'),
(125, 4, '2020-12-03', '08:00:00.000000', '16:00:00.000000', 'HADIR'),
(126, 4, '2020-12-04', '08:00:00.000000', '16:00:00.000000', 'HADIR'),
(127, 4, '2020-12-05', '00:00:00.000000', '00:00:00.000000', ''),
(128, 4, '2020-12-06', '00:00:00.000000', '00:00:00.000000', ''),
(129, 4, '2020-12-07', '08:00:00.000000', '16:00:00.000000', 'HADIR'),
(130, 4, '2020-12-08', '08:00:00.000000', '16:00:00.000000', 'HADIR'),
(131, 4, '2020-12-09', '00:00:00.000000', '00:00:00.000000', ''),
(132, 4, '2020-12-10', '08:00:00.000000', '16:00:00.000000', 'HADIR'),
(133, 4, '2020-12-11', '08:00:00.000000', '16:00:00.000000', 'HADIR'),
(134, 4, '2020-12-12', '00:00:00.000000', '00:00:00.000000', ''),
(135, 4, '2020-12-13', '00:00:00.000000', '00:00:00.000000', ''),
(136, 4, '2020-12-14', '08:00:00.000000', '16:00:00.000000', 'HADIR'),
(137, 4, '2020-12-15', '08:00:00.000000', '16:00:00.000000', 'HADIR'),
(138, 4, '2020-12-16', '08:00:00.000000', '16:00:00.000000', 'HADIR'),
(139, 4, '2020-12-17', '00:00:00.000000', '00:00:00.000000', 'SAKIT'),
(140, 4, '2020-12-18', '08:00:00.000000', '16:00:00.000000', 'HADIR'),
(141, 4, '2020-12-19', '00:00:00.000000', '00:00:00.000000', ''),
(142, 4, '2020-12-20', '00:00:00.000000', '00:00:00.000000', ''),
(143, 4, '2020-12-21', '08:00:00.000000', '16:00:00.000000', 'HADIR'),
(144, 4, '2020-12-22', '08:00:00.000000', '16:00:00.000000', 'HADIR'),
(145, 4, '2020-12-23', '08:00:00.000000', '16:00:00.000000', 'HADIR'),
(146, 4, '2020-12-24', '00:00:00.000000', '00:00:00.000000', ''),
(147, 4, '2020-12-25', '00:00:00.000000', '00:00:00.000000', ''),
(148, 4, '2020-12-26', '00:00:00.000000', '00:00:00.000000', ''),
(149, 4, '2020-12-27', '00:00:00.000000', '00:00:00.000000', ''),
(150, 4, '2020-12-28', '08:00:00.000000', '16:00:00.000000', 'HADIR'),
(151, 4, '2020-12-29', '08:50:00.000000', '16:00:00.000000', 'HADIR'),
(152, 4, '2020-12-30', '08:00:00.000000', '16:00:00.000000', 'HADIR'),
(153, 4, '2020-12-31', '08:00:00.000000', '16:00:00.000000', 'HADIR'),
(154, 4, '2021-01-01', '00:00:00.000000', '00:00:00.000000', ''),
(155, 4, '2021-01-02', '00:00:00.000000', '00:00:00.000000', ''),
(156, 4, '2021-01-03', '00:00:00.000000', '00:00:00.000000', ''),
(157, 4, '2021-01-04', '08:00:00.000000', '16:00:00.000000', 'HADIR'),
(158, 4, '2021-01-05', '08:00:00.000000', '16:00:00.000000', 'HADIR'),
(159, 4, '2021-01-06', '08:00:00.000000', '16:00:00.000000', 'HADIR'),
(160, 4, '2021-01-07', '08:00:00.000000', '16:00:00.000000', 'HADIR'),
(161, 4, '2021-01-08', '08:00:00.000000', '16:00:00.000000', 'HADIR'),
(162, 4, '2021-01-09', '00:00:00.000000', '00:00:00.000000', ''),
(163, 4, '2021-01-10', '00:00:00.000000', '00:00:00.000000', ''),
(164, 4, '2021-01-11', '08:00:00.000000', '16:00:00.000000', 'HADIR'),
(165, 4, '2021-01-12', '08:00:00.000000', '16:00:00.000000', 'HADIR'),
(166, 4, '2021-01-13', '08:00:00.000000', '16:00:00.000000', 'HADIR'),
(167, 4, '2021-01-14', '08:00:00.000000', '16:00:00.000000', 'HADIR'),
(168, 4, '2021-01-15', '08:00:00.000000', '16:00:00.000000', 'HADIR'),
(169, 4, '2021-01-16', '00:00:00.000000', '00:00:00.000000', ''),
(170, 4, '2021-01-17', '00:00:00.000000', '00:00:00.000000', ''),
(171, 4, '2021-01-18', '08:00:00.000000', '16:00:00.000000', 'HADIR'),
(172, 4, '2021-01-19', '08:00:00.000000', '16:00:00.000000', 'HADIR'),
(173, 4, '2021-01-20', '08:00:00.000000', '16:00:00.000000', 'HADIR'),
(174, 4, '2021-01-21', '00:00:00.000000', '00:00:00.000000', 'IZIN'),
(175, 4, '2021-01-22', '08:00:00.000000', '16:00:00.000000', 'HADIR'),
(176, 4, '2021-01-23', '00:00:00.000000', '00:00:00.000000', ''),
(177, 4, '2021-01-24', '00:00:00.000000', '00:00:00.000000', ''),
(178, 4, '2021-01-25', '08:00:00.000000', '16:00:00.000000', 'HADIR'),
(179, 4, '2021-01-26', '08:00:00.000000', '16:00:00.000000', 'HADIR'),
(180, 4, '2021-01-27', '08:40:00.000000', '16:00:00.000000', 'HADIR'),
(181, 4, '2021-01-28', '08:00:00.000000', '16:00:00.000000', 'HADIR'),
(182, 4, '2021-01-29', '08:00:00.000000', '16:00:00.000000', 'HADIR'),
(183, 4, '2021-01-30', '00:00:00.000000', '00:00:00.000000', ''),
(184, 4, '2021-01-31', '00:00:00.000000', '00:00:00.000000', ''),
(185, 5, '2020-11-01', '00:00:00.000000', '00:00:00.000000', ''),
(186, 5, '2020-11-02', '08:00:00.000000', '16:00:00.000000', 'HADIR'),
(187, 5, '2020-11-03', '08:00:00.000000', '16:00:00.000000', 'HADIR'),
(188, 5, '2020-11-04', '08:00:00.000000', '16:00:00.000000', 'HADIR'),
(189, 5, '2020-11-05', '08:00:00.000000', '16:00:00.000000', 'HADIR'),
(190, 5, '2020-11-06', '08:35:00.000000', '16:00:00.000000', 'HADIR'),
(191, 5, '2020-11-07', '00:00:00.000000', '00:00:00.000000', ''),
(192, 5, '2020-11-08', '00:00:00.000000', '00:00:00.000000', ''),
(193, 5, '2020-11-09', '08:00:00.000000', '16:00:00.000000', 'HADIR'),
(194, 5, '2020-11-10', '00:00:00.000000', '00:00:00.000000', ''),
(195, 5, '2020-11-11', '08:00:00.000000', '16:00:00.000000', 'HADIR'),
(196, 5, '2020-11-12', '08:00:00.000000', '16:00:00.000000', 'HADIR'),
(197, 5, '2020-11-13', '08:00:00.000000', '16:00:00.000000', 'HADIR'),
(198, 5, '2020-11-14', '00:00:00.000000', '00:00:00.000000', ''),
(199, 5, '2020-11-15', '00:00:00.000000', '00:00:00.000000', ''),
(200, 5, '2020-11-16', '08:00:00.000000', '16:00:00.000000', 'HADIR'),
(201, 5, '2020-11-17', '08:00:00.000000', '16:00:00.000000', 'HADIR'),
(202, 5, '2020-11-18', '08:35:00.000000', '16:00:00.000000', 'HADIR'),
(203, 5, '2020-11-19', '08:00:00.000000', '16:00:00.000000', 'HADIR'),
(204, 5, '2020-11-20', '08:00:00.000000', '16:00:00.000000', 'HADIR'),
(205, 5, '2020-11-21', '00:00:00.000000', '00:00:00.000000', ''),
(206, 5, '2020-11-22', '00:00:00.000000', '00:00:00.000000', ''),
(207, 5, '2020-11-23', '08:00:00.000000', '16:00:00.000000', 'HADIR'),
(208, 5, '2020-11-24', '08:00:00.000000', '16:00:00.000000', 'HADIR'),
(209, 5, '2020-11-25', '00:00:00.000000', '00:00:00.000000', 'SAKIT'),
(210, 5, '2020-11-26', '08:00:00.000000', '16:00:00.000000', 'HADIR'),
(211, 5, '2020-11-27', '08:00:00.000000', '16:00:00.000000', 'HADIR'),
(212, 5, '2020-11-28', '00:00:00.000000', '00:00:00.000000', ''),
(213, 5, '2020-11-29', '00:00:00.000000', '00:00:00.000000', ''),
(214, 5, '2020-11-30', '08:00:00.000000', '16:00:00.000000', 'HADIR'),
(215, 5, '2020-12-01', '08:00:00.000000', '16:00:00.000000', 'HADIR'),
(216, 5, '2020-12-02', '08:00:00.000000', '16:00:00.000000', 'HADIR'),
(217, 5, '2020-12-03', '08:00:00.000000', '16:00:00.000000', 'HADIR'),
(218, 5, '2020-12-04', '08:00:00.000000', '16:00:00.000000', 'HADIR'),
(219, 5, '2020-12-05', '00:00:00.000000', '00:00:00.000000', ''),
(220, 5, '2020-12-06', '00:00:00.000000', '00:00:00.000000', ''),
(221, 5, '2020-12-07', '08:00:00.000000', '16:00:00.000000', 'HADIR'),
(222, 5, '2020-12-08', '08:00:00.000000', '16:00:00.000000', 'HADIR'),
(223, 5, '2020-12-09', '00:00:00.000000', '00:00:00.000000', ''),
(224, 5, '2020-12-10', '08:00:00.000000', '16:00:00.000000', 'HADIR'),
(225, 5, '2020-12-11', '08:00:00.000000', '16:00:00.000000', 'HADIR'),
(226, 5, '2020-12-12', '00:00:00.000000', '00:00:00.000000', ''),
(227, 5, '2020-12-13', '00:00:00.000000', '00:00:00.000000', ''),
(228, 5, '2020-12-14', '08:00:00.000000', '16:00:00.000000', 'HADIR'),
(229, 5, '2020-12-15', '08:00:00.000000', '16:00:00.000000', 'HADIR'),
(230, 5, '2020-12-16', '08:00:00.000000', '16:00:00.000000', 'HADIR'),
(231, 5, '2020-12-17', '08:00:00.000000', '16:00:00.000000', 'HADIR'),
(232, 5, '2020-12-18', '08:00:00.000000', '16:00:00.000000', 'HADIR'),
(233, 5, '2020-12-19', '00:00:00.000000', '00:00:00.000000', ''),
(234, 5, '2020-12-20', '00:00:00.000000', '00:00:00.000000', ''),
(235, 5, '2020-12-21', '08:00:00.000000', '16:00:00.000000', 'HADIR'),
(236, 5, '2020-12-22', '08:00:00.000000', '16:00:00.000000', 'HADIR'),
(237, 5, '2020-12-23', '08:00:00.000000', '16:00:00.000000', 'HADIR'),
(238, 5, '2020-12-24', '00:00:00.000000', '00:00:00.000000', ''),
(239, 5, '2020-12-25', '00:00:00.000000', '00:00:00.000000', ''),
(240, 5, '2020-12-26', '00:00:00.000000', '00:00:00.000000', ''),
(241, 5, '2020-12-27', '00:00:00.000000', '00:00:00.000000', ''),
(242, 5, '2020-12-28', '08:00:00.000000', '16:00:00.000000', 'HADIR'),
(243, 5, '2020-12-29', '08:00:00.000000', '16:00:00.000000', 'HADIR'),
(244, 5, '2020-12-30', '08:00:00.000000', '16:00:00.000000', 'HADIR'),
(245, 5, '2020-12-31', '08:00:00.000000', '16:00:00.000000', 'HADIR'),
(246, 5, '2021-01-01', '00:00:00.000000', '00:00:00.000000', ''),
(247, 5, '2021-01-02', '00:00:00.000000', '00:00:00.000000', ''),
(248, 5, '2021-01-03', '00:00:00.000000', '00:00:00.000000', ''),
(249, 5, '2021-01-04', '08:00:00.000000', '16:00:00.000000', 'HADIR'),
(250, 5, '2021-01-05', '08:00:00.000000', '16:00:00.000000', 'HADIR'),
(251, 5, '2021-01-06', '00:00:00.000000', '00:00:00.000000', 'IZIN'),
(252, 5, '2021-01-07', '08:00:00.000000', '16:00:00.000000', 'HADIR'),
(253, 5, '2021-01-08', '08:00:00.000000', '16:00:00.000000', 'HADIR'),
(254, 5, '2021-01-09', '00:00:00.000000', '00:00:00.000000', ''),
(255, 5, '2021-01-10', '00:00:00.000000', '00:00:00.000000', ''),
(256, 5, '2021-01-11', '08:00:00.000000', '16:00:00.000000', 'HADIR'),
(257, 5, '2021-01-12', '08:00:00.000000', '16:00:00.000000', 'HADIR'),
(258, 5, '2021-01-13', '08:00:00.000000', '16:00:00.000000', 'HADIR'),
(259, 5, '2021-01-14', '08:00:00.000000', '16:00:00.000000', 'HADIR'),
(260, 5, '2021-01-15', '08:00:00.000000', '16:00:00.000000', 'HADIR'),
(261, 5, '2021-01-16', '00:00:00.000000', '00:00:00.000000', ''),
(262, 5, '2021-01-17', '00:00:00.000000', '00:00:00.000000', ''),
(263, 5, '2021-01-18', '08:00:00.000000', '16:00:00.000000', 'HADIR'),
(264, 5, '2021-01-19', '08:00:00.000000', '16:00:00.000000', 'HADIR'),
(265, 5, '2021-01-20', '08:00:00.000000', '16:00:00.000000', 'HADIR'),
(266, 5, '2021-01-21', '08:00:00.000000', '16:00:00.000000', 'HADIR'),
(267, 5, '2021-01-22', '08:00:00.000000', '16:00:00.000000', 'HADIR'),
(268, 5, '2021-01-23', '00:00:00.000000', '00:00:00.000000', ''),
(269, 5, '2021-01-24', '00:00:00.000000', '00:00:00.000000', ''),
(270, 5, '2021-01-25', '08:00:00.000000', '16:00:00.000000', 'HADIR'),
(271, 5, '2021-01-26', '00:00:00.000000', '00:00:00.000000', 'SAKIT'),
(272, 5, '2021-01-27', '00:00:00.000000', '00:00:00.000000', 'SAKIT'),
(273, 5, '2021-01-28', '08:00:00.000000', '16:00:00.000000', 'HADIR'),
(274, 5, '2021-01-29', '08:00:00.000000', '16:00:00.000000', 'HADIR'),
(275, 5, '2021-01-30', '00:00:00.000000', '00:00:00.000000', ''),
(276, 5, '2021-01-31', '00:00:00.000000', '00:00:00.000000', ''),
(277, 6, '2020-11-01', '00:00:00.000000', '00:00:00.000000', ''),
(278, 6, '2020-11-02', '08:00:00.000000', '16:00:00.000000', 'HADIR'),
(279, 6, '2020-11-03', '08:00:00.000000', '16:00:00.000000', 'HADIR'),
(280, 6, '2020-11-04', '08:00:00.000000', '16:00:00.000000', 'HADIR'),
(281, 6, '2020-11-05', '08:00:00.000000', '16:00:00.000000', 'HADIR'),
(282, 6, '2020-11-06', '08:00:00.000000', '16:00:00.000000', 'HADIR'),
(283, 6, '2020-11-07', '00:00:00.000000', '00:00:00.000000', ''),
(284, 6, '2020-11-08', '00:00:00.000000', '00:00:00.000000', ''),
(285, 6, '2020-11-09', '08:00:00.000000', '16:00:00.000000', 'HADIR'),
(286, 6, '2020-11-10', '00:00:00.000000', '00:00:00.000000', ''),
(287, 6, '2020-11-11', '08:00:00.000000', '16:00:00.000000', 'HADIR'),
(288, 6, '2020-11-12', '08:00:00.000000', '16:00:00.000000', 'HADIR'),
(289, 6, '2020-11-13', '08:00:00.000000', '16:00:00.000000', 'HADIR'),
(290, 6, '2020-11-14', '00:00:00.000000', '00:00:00.000000', ''),
(291, 6, '2020-11-15', '00:00:00.000000', '00:00:00.000000', ''),
(292, 6, '2020-11-16', '08:00:00.000000', '16:00:00.000000', 'HADIR'),
(293, 6, '2020-11-17', '08:00:00.000000', '16:00:00.000000', 'HADIR'),
(294, 6, '2020-11-18', '08:00:00.000000', '16:00:00.000000', 'HADIR'),
(295, 6, '2020-11-19', '08:00:00.000000', '16:00:00.000000', 'HADIR'),
(296, 6, '2020-11-20', '08:00:00.000000', '16:00:00.000000', 'HADIR'),
(297, 6, '2020-11-21', '00:00:00.000000', '00:00:00.000000', ''),
(298, 6, '2020-11-22', '00:00:00.000000', '00:00:00.000000', ''),
(299, 6, '2020-11-23', '08:00:00.000000', '16:00:00.000000', 'HADIR'),
(300, 6, '2020-11-24', '08:00:00.000000', '16:00:00.000000', 'HADIR'),
(301, 6, '2020-11-25', '08:00:00.000000', '16:00:00.000000', 'HADIR'),
(302, 6, '2020-11-26', '08:00:00.000000', '16:00:00.000000', 'HADIR'),
(303, 6, '2020-11-27', '08:00:00.000000', '16:00:00.000000', 'HADIR'),
(304, 6, '2020-11-28', '00:00:00.000000', '00:00:00.000000', ''),
(305, 6, '2020-11-29', '00:00:00.000000', '00:00:00.000000', ''),
(306, 6, '2020-11-30', '08:00:00.000000', '16:00:00.000000', 'HADIR'),
(307, 6, '2020-12-01', '08:00:00.000000', '16:00:00.000000', 'HADIR'),
(308, 6, '2020-12-02', '08:00:00.000000', '16:00:00.000000', 'HADIR'),
(309, 6, '2020-12-03', '08:00:00.000000', '16:00:00.000000', 'HADIR'),
(310, 6, '2020-12-04', '08:00:00.000000', '16:00:00.000000', 'HADIR'),
(311, 6, '2020-12-05', '00:00:00.000000', '00:00:00.000000', ''),
(312, 6, '2020-12-06', '00:00:00.000000', '00:00:00.000000', ''),
(313, 6, '2020-12-07', '08:00:00.000000', '16:00:00.000000', 'HADIR'),
(314, 6, '2020-12-08', '08:00:00.000000', '16:00:00.000000', 'HADIR'),
(315, 6, '2020-12-09', '00:00:00.000000', '00:00:00.000000', ''),
(316, 6, '2020-12-10', '08:00:00.000000', '16:00:00.000000', 'HADIR'),
(317, 6, '2020-12-11', '08:00:00.000000', '16:00:00.000000', 'HADIR'),
(318, 6, '2020-12-12', '00:00:00.000000', '00:00:00.000000', ''),
(319, 6, '2020-12-13', '00:00:00.000000', '00:00:00.000000', ''),
(320, 6, '2020-12-14', '08:00:00.000000', '16:00:00.000000', 'HADIR'),
(321, 6, '2020-12-15', '08:00:00.000000', '16:00:00.000000', 'HADIR'),
(322, 6, '2020-12-16', '08:00:00.000000', '16:00:00.000000', 'HADIR'),
(323, 6, '2020-12-17', '08:00:00.000000', '16:00:00.000000', 'HADIR'),
(324, 6, '2020-12-18', '08:00:00.000000', '16:00:00.000000', 'HADIR'),
(325, 6, '2020-12-19', '00:00:00.000000', '00:00:00.000000', ''),
(326, 6, '2020-12-20', '00:00:00.000000', '00:00:00.000000', ''),
(327, 6, '2020-12-21', '08:00:00.000000', '16:00:00.000000', 'HADIR'),
(328, 6, '2020-12-22', '08:00:00.000000', '16:00:00.000000', 'HADIR'),
(329, 6, '2020-12-23', '08:00:00.000000', '16:00:00.000000', 'HADIR'),
(330, 6, '2020-12-24', '00:00:00.000000', '00:00:00.000000', ''),
(331, 6, '2020-12-25', '00:00:00.000000', '00:00:00.000000', ''),
(332, 6, '2020-12-26', '00:00:00.000000', '00:00:00.000000', ''),
(333, 6, '2020-12-27', '00:00:00.000000', '00:00:00.000000', ''),
(334, 6, '2020-12-28', '08:00:00.000000', '16:00:00.000000', 'HADIR'),
(335, 6, '2020-12-29', '08:00:00.000000', '16:00:00.000000', 'HADIR'),
(336, 6, '2020-12-30', '08:00:00.000000', '16:00:00.000000', 'HADIR'),
(337, 6, '2020-12-31', '08:00:00.000000', '16:00:00.000000', 'HADIR'),
(338, 6, '2021-01-01', '00:00:00.000000', '00:00:00.000000', ''),
(339, 6, '2021-01-02', '00:00:00.000000', '00:00:00.000000', ''),
(340, 6, '2021-01-03', '00:00:00.000000', '00:00:00.000000', ''),
(341, 6, '2021-01-04', '08:00:00.000000', '16:00:00.000000', 'HADIR'),
(342, 6, '2021-01-05', '08:00:00.000000', '16:00:00.000000', 'HADIR'),
(343, 6, '2021-01-06', '08:00:00.000000', '16:00:00.000000', 'HADIR'),
(344, 6, '2021-01-07', '08:00:00.000000', '16:00:00.000000', 'HADIR'),
(345, 6, '2021-01-08', '08:00:00.000000', '16:00:00.000000', 'HADIR'),
(346, 6, '2021-01-09', '00:00:00.000000', '00:00:00.000000', ''),
(347, 6, '2021-01-10', '00:00:00.000000', '00:00:00.000000', ''),
(348, 6, '2021-01-11', '08:00:00.000000', '16:00:00.000000', 'HADIR'),
(349, 6, '2021-01-12', '08:00:00.000000', '16:00:00.000000', 'HADIR'),
(350, 6, '2021-01-13', '08:00:00.000000', '16:00:00.000000', 'HADIR'),
(351, 6, '2021-01-14', '08:00:00.000000', '16:00:00.000000', 'HADIR'),
(352, 6, '2021-01-15', '08:00:00.000000', '16:00:00.000000', 'HADIR'),
(353, 6, '2021-01-16', '00:00:00.000000', '00:00:00.000000', ''),
(354, 6, '2021-01-17', '00:00:00.000000', '00:00:00.000000', ''),
(355, 6, '2021-01-18', '08:00:00.000000', '16:00:00.000000', 'HADIR'),
(356, 6, '2021-01-19', '08:00:00.000000', '16:00:00.000000', 'HADIR'),
(357, 6, '2021-01-20', '08:00:00.000000', '16:00:00.000000', 'HADIR'),
(358, 6, '2021-01-21', '08:00:00.000000', '16:00:00.000000', 'HADIR'),
(359, 6, '2021-01-22', '08:00:00.000000', '16:00:00.000000', 'HADIR'),
(360, 6, '2021-01-23', '00:00:00.000000', '00:00:00.000000', ''),
(361, 6, '2021-01-24', '00:00:00.000000', '00:00:00.000000', ''),
(362, 6, '2021-01-25', '08:00:00.000000', '16:00:00.000000', 'HADIR'),
(363, 6, '2021-01-26', '08:00:00.000000', '16:00:00.000000', 'HADIR'),
(364, 6, '2021-01-27', '08:00:00.000000', '16:00:00.000000', 'HADIR'),
(365, 6, '2021-01-28', '08:00:00.000000', '16:00:00.000000', 'HADIR'),
(366, 6, '2021-01-29', '08:00:00.000000', '16:00:00.000000', 'HADIR'),
(367, 6, '2021-01-30', '00:00:00.000000', '00:00:00.000000', ''),
(368, 6, '2021-01-31', '00:00:00.000000', '00:00:00.000000', ''),
(369, 7, '2020-11-01', '00:00:00.000000', '00:00:00.000000', ''),
(370, 7, '2020-11-02', '08:00:00.000000', '16:00:00.000000', 'HADIR'),
(371, 7, '2020-11-03', '08:35:00.000000', '16:00:00.000000', 'HADIR'),
(372, 7, '2020-11-04', '00:00:00.000000', '00:00:00.000000', 'SAKIT'),
(373, 7, '2020-11-05', '08:00:00.000000', '16:00:00.000000', 'HADIR'),
(374, 7, '2020-11-06', '08:00:00.000000', '16:00:00.000000', 'HADIR'),
(375, 7, '2020-11-07', '00:00:00.000000', '00:00:00.000000', ''),
(376, 7, '2020-11-08', '00:00:00.000000', '00:00:00.000000', ''),
(377, 7, '2020-11-09', '08:00:00.000000', '16:00:00.000000', 'HADIR'),
(378, 7, '2020-11-10', '00:00:00.000000', '00:00:00.000000', ''),
(379, 7, '2020-11-11', '08:00:00.000000', '16:00:00.000000', 'HADIR'),
(380, 7, '2020-11-12', '08:00:00.000000', '16:00:00.000000', 'HADIR'),
(381, 7, '2020-11-13', '08:00:00.000000', '16:00:00.000000', 'HADIR'),
(382, 7, '2020-11-14', '00:00:00.000000', '00:00:00.000000', ''),
(383, 7, '2020-11-15', '00:00:00.000000', '00:00:00.000000', ''),
(384, 7, '2020-11-16', '08:00:00.000000', '16:00:00.000000', 'HADIR'),
(385, 7, '2020-11-17', '08:00:00.000000', '16:00:00.000000', 'HADIR'),
(386, 7, '2020-11-18', '08:45:00.000000', '16:00:00.000000', 'HADIR'),
(387, 7, '2020-11-19', '00:00:00.000000', '00:00:00.000000', 'IZIN'),
(388, 7, '2020-11-20', '08:00:00.000000', '16:00:00.000000', 'HADIR'),
(389, 7, '2020-11-21', '00:00:00.000000', '00:00:00.000000', ''),
(390, 7, '2020-11-22', '00:00:00.000000', '00:00:00.000000', ''),
(391, 7, '2020-11-23', '08:00:00.000000', '16:00:00.000000', 'HADIR'),
(392, 7, '2020-11-24', '08:00:00.000000', '16:00:00.000000', 'HADIR'),
(393, 7, '2020-11-25', '08:00:00.000000', '16:00:00.000000', 'HADIR'),
(394, 7, '2020-11-26', '08:00:00.000000', '16:00:00.000000', 'HADIR'),
(395, 7, '2020-11-27', '08:00:00.000000', '16:00:00.000000', 'HADIR'),
(396, 7, '2020-11-28', '00:00:00.000000', '00:00:00.000000', ''),
(397, 7, '2020-11-29', '00:00:00.000000', '00:00:00.000000', ''),
(398, 7, '2020-11-30', '08:00:00.000000', '16:00:00.000000', 'HADIR'),
(399, 7, '2020-12-01', '08:00:00.000000', '16:00:00.000000', 'HADIR'),
(400, 7, '2020-12-02', '08:00:00.000000', '16:00:00.000000', 'HADIR'),
(401, 7, '2020-12-03', '08:00:00.000000', '16:00:00.000000', 'HADIR'),
(402, 7, '2020-12-04', '08:00:00.000000', '16:00:00.000000', 'HADIR'),
(403, 7, '2020-12-05', '00:00:00.000000', '00:00:00.000000', ''),
(404, 7, '2020-12-06', '00:00:00.000000', '00:00:00.000000', ''),
(405, 7, '2020-12-07', '08:00:00.000000', '16:00:00.000000', 'HADIR'),
(406, 7, '2020-12-08', '08:00:00.000000', '16:00:00.000000', 'HADIR'),
(407, 7, '2020-12-09', '00:00:00.000000', '00:00:00.000000', ''),
(408, 7, '2020-12-10', '08:00:00.000000', '16:00:00.000000', 'HADIR'),
(409, 7, '2020-12-11', '08:00:00.000000', '16:00:00.000000', 'HADIR'),
(410, 7, '2020-12-12', '00:00:00.000000', '00:00:00.000000', ''),
(411, 7, '2020-12-13', '00:00:00.000000', '00:00:00.000000', ''),
(412, 7, '2020-12-14', '08:00:00.000000', '16:00:00.000000', 'HADIR'),
(413, 7, '2020-12-15', '08:00:00.000000', '16:00:00.000000', 'HADIR'),
(414, 7, '2020-12-16', '08:00:00.000000', '16:00:00.000000', 'HADIR'),
(415, 7, '2020-12-17', '00:00:00.000000', '00:00:00.000000', 'SAKIT'),
(416, 7, '2020-12-18', '08:00:00.000000', '16:00:00.000000', 'HADIR'),
(417, 7, '2020-12-19', '00:00:00.000000', '00:00:00.000000', ''),
(418, 7, '2020-12-20', '00:00:00.000000', '00:00:00.000000', ''),
(419, 7, '2020-12-21', '08:00:00.000000', '16:00:00.000000', 'HADIR'),
(420, 7, '2020-12-22', '08:00:00.000000', '16:00:00.000000', 'HADIR'),
(421, 7, '2020-12-23', '08:00:00.000000', '16:00:00.000000', 'HADIR'),
(422, 7, '2020-12-24', '00:00:00.000000', '00:00:00.000000', ''),
(423, 7, '2020-12-25', '00:00:00.000000', '00:00:00.000000', ''),
(424, 7, '2020-12-26', '00:00:00.000000', '00:00:00.000000', ''),
(425, 7, '2020-12-27', '00:00:00.000000', '00:00:00.000000', ''),
(426, 7, '2020-12-28', '08:00:00.000000', '16:00:00.000000', 'HADIR'),
(427, 7, '2020-12-29', '08:50:00.000000', '16:00:00.000000', 'HADIR'),
(428, 7, '2020-12-30', '08:00:00.000000', '16:00:00.000000', 'HADIR'),
(429, 7, '2020-12-31', '08:00:00.000000', '16:00:00.000000', 'HADIR'),
(430, 7, '2021-01-01', '00:00:00.000000', '00:00:00.000000', ''),
(431, 7, '2021-01-02', '00:00:00.000000', '00:00:00.000000', ''),
(432, 7, '2021-01-03', '00:00:00.000000', '00:00:00.000000', ''),
(433, 7, '2021-01-04', '08:55:00.000000', '16:00:00.000000', 'HADIR'),
(434, 7, '2021-01-05', '08:00:00.000000', '16:00:00.000000', 'HADIR'),
(435, 7, '2021-01-06', '08:00:00.000000', '16:00:00.000000', 'HADIR'),
(436, 7, '2021-01-07', '08:00:00.000000', '16:00:00.000000', 'HADIR'),
(437, 7, '2021-01-08', '08:00:00.000000', '16:00:00.000000', 'HADIR'),
(438, 7, '2021-01-09', '00:00:00.000000', '00:00:00.000000', ''),
(439, 7, '2021-01-10', '00:00:00.000000', '00:00:00.000000', ''),
(440, 7, '2021-01-11', '08:00:00.000000', '16:00:00.000000', 'HADIR'),
(441, 7, '2021-01-12', '08:00:00.000000', '16:00:00.000000', 'HADIR'),
(442, 7, '2021-01-13', '08:00:00.000000', '16:00:00.000000', 'HADIR'),
(443, 7, '2021-01-14', '08:00:00.000000', '16:00:00.000000', 'HADIR'),
(444, 7, '2021-01-15', '08:00:00.000000', '16:00:00.000000', 'HADIR'),
(445, 7, '2021-01-16', '00:00:00.000000', '00:00:00.000000', ''),
(446, 7, '2021-01-17', '00:00:00.000000', '00:00:00.000000', ''),
(447, 7, '2021-01-18', '08:00:00.000000', '16:00:00.000000', 'HADIR'),
(448, 7, '2021-01-19', '08:00:00.000000', '16:00:00.000000', 'HADIR'),
(449, 7, '2021-01-20', '08:00:00.000000', '16:00:00.000000', 'HADIR'),
(450, 7, '2021-01-21', '00:00:00.000000', '00:00:00.000000', 'IZIN'),
(451, 7, '2021-01-22', '08:00:00.000000', '16:00:00.000000', 'HADIR'),
(452, 7, '2021-01-23', '00:00:00.000000', '00:00:00.000000', ''),
(453, 7, '2021-01-24', '00:00:00.000000', '00:00:00.000000', ''),
(454, 7, '2021-01-25', '08:00:00.000000', '16:00:00.000000', 'HADIR'),
(455, 7, '2021-01-26', '08:00:00.000000', '16:00:00.000000', 'HADIR'),
(456, 7, '2021-01-27', '08:40:00.000000', '16:00:00.000000', 'HADIR'),
(457, 7, '2021-01-28', '08:00:00.000000', '16:00:00.000000', 'HADIR'),
(458, 7, '2021-01-29', '08:00:00.000000', '16:00:00.000000', 'HADIR'),
(459, 7, '2021-01-30', '00:00:00.000000', '00:00:00.000000', ''),
(460, 7, '2021-01-31', '00:00:00.000000', '00:00:00.000000', ''),
(461, 8, '2020-11-01', '00:00:00.000000', '00:00:00.000000', ''),
(462, 8, '2020-11-02', '08:00:00.000000', '16:00:00.000000', 'HADIR'),
(463, 8, '2020-11-03', '08:00:00.000000', '16:00:00.000000', 'HADIR'),
(464, 8, '2020-11-04', '08:00:00.000000', '16:00:00.000000', 'HADIR'),
(465, 8, '2020-11-05', '08:00:00.000000', '16:00:00.000000', 'HADIR'),
(466, 8, '2020-11-06', '08:35:00.000000', '16:00:00.000000', 'HADIR'),
(467, 8, '2020-11-07', '00:00:00.000000', '00:00:00.000000', ''),
(468, 8, '2020-11-08', '00:00:00.000000', '00:00:00.000000', ''),
(469, 8, '2020-11-09', '08:00:00.000000', '16:00:00.000000', 'HADIR'),
(470, 8, '2020-11-10', '00:00:00.000000', '00:00:00.000000', ''),
(471, 8, '2020-11-11', '08:00:00.000000', '16:00:00.000000', 'HADIR'),
(472, 8, '2020-11-12', '08:00:00.000000', '16:00:00.000000', 'HADIR'),
(473, 8, '2020-11-13', '08:00:00.000000', '16:00:00.000000', 'HADIR'),
(474, 8, '2020-11-14', '00:00:00.000000', '00:00:00.000000', ''),
(475, 8, '2020-11-15', '00:00:00.000000', '00:00:00.000000', ''),
(476, 8, '2020-11-16', '08:00:00.000000', '16:00:00.000000', 'HADIR'),
(477, 8, '2020-11-17', '08:00:00.000000', '16:00:00.000000', 'HADIR'),
(478, 8, '2020-11-18', '08:35:00.000000', '16:00:00.000000', 'HADIR'),
(479, 8, '2020-11-19', '08:00:00.000000', '16:00:00.000000', 'HADIR'),
(480, 8, '2020-11-20', '08:00:00.000000', '16:00:00.000000', 'HADIR'),
(481, 8, '2020-11-21', '00:00:00.000000', '00:00:00.000000', ''),
(482, 8, '2020-11-22', '00:00:00.000000', '00:00:00.000000', ''),
(483, 8, '2020-11-23', '08:00:00.000000', '16:00:00.000000', 'HADIR'),
(484, 8, '2020-11-24', '08:00:00.000000', '16:00:00.000000', 'HADIR'),
(485, 8, '2020-11-25', '00:00:00.000000', '00:00:00.000000', 'IZIN'),
(486, 8, '2020-11-26', '08:00:00.000000', '16:00:00.000000', 'HADIR'),
(487, 8, '2020-11-27', '08:00:00.000000', '16:00:00.000000', 'HADIR'),
(488, 8, '2020-11-28', '00:00:00.000000', '00:00:00.000000', ''),
(489, 8, '2020-11-29', '00:00:00.000000', '00:00:00.000000', ''),
(490, 8, '2020-11-30', '08:00:00.000000', '16:00:00.000000', 'HADIR'),
(491, 8, '2020-12-01', '08:00:00.000000', '16:00:00.000000', 'HADIR'),
(492, 8, '2020-12-02', '00:00:00.000000', '00:00:00.000000', 'CUTI'),
(493, 8, '2020-12-03', '00:00:00.000000', '00:00:00.000000', 'CUTI'),
(494, 8, '2020-12-04', '08:00:00.000000', '16:00:00.000000', 'HADIR'),
(495, 8, '2020-12-05', '00:00:00.000000', '00:00:00.000000', ''),
(496, 8, '2020-12-06', '00:00:00.000000', '00:00:00.000000', ''),
(497, 8, '2020-12-07', '08:00:00.000000', '16:00:00.000000', 'HADIR'),
(498, 8, '2020-12-08', '08:00:00.000000', '16:00:00.000000', 'HADIR'),
(499, 8, '2020-12-09', '00:00:00.000000', '00:00:00.000000', ''),
(500, 8, '2020-12-10', '08:00:00.000000', '16:00:00.000000', 'HADIR'),
(501, 8, '2020-12-11', '08:00:00.000000', '16:00:00.000000', 'HADIR'),
(502, 8, '2020-12-12', '00:00:00.000000', '00:00:00.000000', ''),
(503, 8, '2020-12-13', '00:00:00.000000', '00:00:00.000000', ''),
(504, 8, '2020-12-14', '08:37:00.000000', '16:00:00.000000', 'HADIR'),
(505, 8, '2020-12-15', '08:00:00.000000', '16:00:00.000000', 'HADIR'),
(506, 8, '2020-12-16', '08:00:00.000000', '16:00:00.000000', 'HADIR'),
(507, 8, '2020-12-17', '08:00:00.000000', '16:00:00.000000', 'HADIR'),
(508, 8, '2020-12-18', '08:00:00.000000', '16:00:00.000000', 'HADIR'),
(509, 8, '2020-12-19', '00:00:00.000000', '00:00:00.000000', ''),
(510, 8, '2020-12-20', '00:00:00.000000', '00:00:00.000000', ''),
(511, 8, '2020-12-21', '08:00:00.000000', '16:00:00.000000', 'HADIR'),
(512, 8, '2020-12-22', '08:00:00.000000', '16:00:00.000000', 'HADIR'),
(513, 8, '2020-12-23', '08:00:00.000000', '16:00:00.000000', 'HADIR'),
(514, 8, '2020-12-24', '00:00:00.000000', '00:00:00.000000', ''),
(515, 8, '2020-12-25', '00:00:00.000000', '00:00:00.000000', ''),
(516, 8, '2020-12-26', '00:00:00.000000', '00:00:00.000000', ''),
(517, 8, '2020-12-27', '00:00:00.000000', '00:00:00.000000', ''),
(518, 8, '2020-12-28', '08:00:00.000000', '16:00:00.000000', 'HADIR'),
(519, 8, '2020-12-29', '08:00:00.000000', '16:00:00.000000', 'HADIR'),
(520, 8, '2020-12-30', '08:35:00.000000', '16:00:00.000000', 'HADIR'),
(521, 8, '2020-12-31', '08:00:00.000000', '16:00:00.000000', 'HADIR'),
(522, 8, '2021-01-01', '00:00:00.000000', '00:00:00.000000', ''),
(523, 8, '2021-01-02', '00:00:00.000000', '00:00:00.000000', ''),
(524, 8, '2021-01-03', '00:00:00.000000', '00:00:00.000000', ''),
(525, 8, '2021-01-04', '08:00:00.000000', '16:00:00.000000', 'HADIR'),
(526, 8, '2021-01-05', '08:00:00.000000', '16:00:00.000000', 'HADIR'),
(527, 8, '2021-01-06', '00:00:00.000000', '00:00:00.000000', 'IZIN'),
(528, 8, '2021-01-07', '08:00:00.000000', '16:00:00.000000', 'HADIR'),
(529, 8, '2021-01-08', '08:00:00.000000', '16:00:00.000000', 'HADIR'),
(530, 8, '2021-01-09', '00:00:00.000000', '00:00:00.000000', ''),
(531, 8, '2021-01-10', '00:00:00.000000', '00:00:00.000000', ''),
(532, 8, '2021-01-11', '08:00:00.000000', '16:00:00.000000', 'HADIR'),
(533, 8, '2021-01-12', '08:00:00.000000', '16:00:00.000000', 'HADIR'),
(534, 8, '2021-01-13', '08:00:00.000000', '16:00:00.000000', 'HADIR'),
(535, 8, '2021-01-14', '08:00:00.000000', '16:00:00.000000', 'HADIR'),
(536, 8, '2021-01-15', '08:00:00.000000', '16:00:00.000000', 'HADIR'),
(537, 8, '2021-01-16', '00:00:00.000000', '00:00:00.000000', ''),
(538, 8, '2021-01-17', '00:00:00.000000', '00:00:00.000000', ''),
(539, 8, '2021-01-18', '08:00:00.000000', '16:00:00.000000', 'HADIR'),
(540, 8, '2021-01-19', '08:00:00.000000', '16:00:00.000000', 'HADIR'),
(541, 8, '2021-01-20', '08:00:00.000000', '16:00:00.000000', 'HADIR'),
(542, 8, '2021-01-21', '08:00:00.000000', '16:00:00.000000', 'HADIR'),
(543, 8, '2021-01-22', '08:00:00.000000', '16:00:00.000000', 'HADIR'),
(544, 8, '2021-01-23', '00:00:00.000000', '00:00:00.000000', ''),
(545, 8, '2021-01-24', '00:00:00.000000', '00:00:00.000000', ''),
(546, 8, '2021-01-25', '08:00:00.000000', '16:00:00.000000', 'HADIR'),
(547, 8, '2021-01-26', '00:00:00.000000', '00:00:00.000000', 'SAKIT'),
(548, 8, '2021-01-27', '00:00:00.000000', '00:00:00.000000', 'SAKIT'),
(549, 8, '2021-01-28', '08:00:00.000000', '16:00:00.000000', 'HADIR'),
(550, 8, '2021-01-29', '08:00:00.000000', '16:00:00.000000', 'HADIR'),
(551, 8, '2021-01-30', '00:00:00.000000', '00:00:00.000000', ''),
(552, 8, '2021-01-31', '00:00:00.000000', '00:00:00.000000', '');

--
-- Indexes for dumped tables
--

--
-- Indeks untuk tabel `bagian`
--
ALTER TABLE `bagian`
  ADD PRIMARY KEY (`id`);

--
-- Indeks untuk tabel `bagian_karyawan`
--
ALTER TABLE `bagian_karyawan`
  ADD PRIMARY KEY (`id`);

--
-- Indeks untuk tabel `gaji_karyawan`
--
ALTER TABLE `gaji_karyawan`
  ADD PRIMARY KEY (`id`);

--
-- Indeks untuk tabel `jabatan`
--
ALTER TABLE `jabatan`
  ADD PRIMARY KEY (`id`);

--
-- Indeks untuk tabel `jabatan_karyawan`
--
ALTER TABLE `jabatan_karyawan`
  ADD PRIMARY KEY (`id`);

--
-- Indeks untuk tabel `karyawan`
--
ALTER TABLE `karyawan`
  ADD PRIMARY KEY (`id`);

--
-- Indeks untuk tabel `lokasi`
--
ALTER TABLE `lokasi`
  ADD PRIMARY KEY (`id`);

--
-- Indeks untuk tabel `pengguna`
--
ALTER TABLE `pengguna`
  ADD PRIMARY KEY (`id`);

--
-- Indeks untuk tabel `presensi`
--
ALTER TABLE `presensi`
  ADD PRIMARY KEY (`id`);

--
-- AUTO_INCREMENT untuk tabel yang dibuang
--

--
-- AUTO_INCREMENT untuk tabel `bagian`
--
ALTER TABLE `bagian`
  MODIFY `id` int(11) NOT NULL AUTO_INCREMENT, AUTO_INCREMENT=4;

--
-- AUTO_INCREMENT untuk tabel `bagian_karyawan`
--
ALTER TABLE `bagian_karyawan`
  MODIFY `id` int(11) NOT NULL AUTO_INCREMENT, AUTO_INCREMENT=7;

--
-- AUTO_INCREMENT untuk tabel `gaji_karyawan`
--
ALTER TABLE `gaji_karyawan`
  MODIFY `id` int(10) NOT NULL AUTO_INCREMENT;

--
-- AUTO_INCREMENT untuk tabel `jabatan`
--
ALTER TABLE `jabatan`
  MODIFY `id` int(11) NOT NULL AUTO_INCREMENT, AUTO_INCREMENT=11;

--
-- AUTO_INCREMENT untuk tabel `jabatan_karyawan`
--
ALTER TABLE `jabatan_karyawan`
  MODIFY `id` int(10) NOT NULL AUTO_INCREMENT, AUTO_INCREMENT=18;

--
-- AUTO_INCREMENT untuk tabel `karyawan`
--
ALTER TABLE `karyawan`
  MODIFY `id` int(11) NOT NULL AUTO_INCREMENT;

--
-- AUTO_INCREMENT untuk tabel `lokasi`
--
ALTER TABLE `lokasi`
  MODIFY `id` int(11) NOT NULL AUTO_INCREMENT;

--
-- AUTO_INCREMENT untuk tabel `pengguna`
--
ALTER TABLE `pengguna`
  MODIFY `id` int(10) NOT NULL AUTO_INCREMENT, AUTO_INCREMENT=9;

--
-- AUTO_INCREMENT untuk tabel `presensi`
--
ALTER TABLE `presensi`
  MODIFY `id` int(20) NOT NULL AUTO_INCREMENT, AUTO_INCREMENT=553;
COMMIT;

/*!40101 SET CHARACTER_SET_CLIENT=@OLD_CHARACTER_SET_CLIENT */;
/*!40101 SET CHARACTER_SET_RESULTS=@OLD_CHARACTER_SET_RESULTS */;
/*!40101 SET COLLATION_CONNECTION=@OLD_COLLATION_CONNECTION */;
